0001.0001	Who can introduce new bills
0001.0002	Taylor Swift concert dates
0001.0003	history of Russia
0001.0004	What a 1 year old baby can eat
0001.0005	What caused the 2008 financial collapse
0001.0006	pickle salsa recipe
0001.0007	Signs to get your kid evaluated for autism
0001.0008	Where can I find the best prices on a new Macbook Pro laptop
0001.0009	What is the significance of the battle of Stalingrad
0001.0010	How to potty train a 2 year old
0001.0012	what is the best deals of 2022
0001.0013	Has a woman ever been Prime Minister of Canada
0001.0014	who won the stanley cup in 2021
0001.0015	how big is grand canyon
0001.0016	Is Yellowjackets coming back to Showtime for season 2
0001.0017	what are the longest living animals
0001.0018	Governor Jerry Brown
0001.0019	When was the first test flight of the space shuttle
0001.0020	How to potty train a pitbull
0001.0021	where can i adopt a pet near me
0001.0023	top environmental etfs
0001.0024	what are the largest online retailers
0001.0025	How to get rid of pimples
0001.0026	best supplements for body building
0001.0027	What is the difference between spirituality and religion
0001.0028	what is a cheap hobby i can pick up
0001.0029	How many years of school does it take to become a doctor
0001.0030	where the first atom bomb was droped
0001.0031	who is the best soccer player
0001.0033	what beliefs do methodists hold
0001.0034	What are the highest caloric foods
0001.0035	How to teach your child manners
0001.0036	What are some effective ways to manage stress and anxiety
0001.0037	Who manufactured the Apollo Lunar Module
0001.0038	How do you make beef stew in a crock pot
0001.0039	best movies of the last decade
0001.0040	When was San Diego first settled
0001.0042	How often should I bathe a dog
0001.0043	What is the oldest fossil known
0001.0044	alpacas for pets
0001.0045	How to potty train your toddler
0001.0046	What is torque in physics
0001.0048	what is the most expensive painting in the world
0001.0049	impressionist paintings of reptiles
0001.0050	What are some popular art movements throughout history
0001.0051	what is bill of rights
0001.0052	What species were lost to extinction in 2022
0001.0056	Best flea and tick prevention for dogs
0001.0057	best art school to attend
0001.0058	What breeds make the best service dogs for people who are deaf
0001.0059	Best way to learn programming
0001.0061	How many Stanley Cups have the Montreal Canadiens won
0001.0062	What are some biggest shopping malls in usa
0001.0063	what exotic pets are legal in california
0001.0064	NBA standings for 2020
0001.0065	The best places to in germany to visit
0001.0066	Why is my refrigerator making a squeaking sound
0001.0067	how many agnostics in the us
0001.0069	what are some good products to buy
0001.0070	How to reach inner peace
0001.0071	how to make mojito at home
0001.0072	covid concerns about forests
0001.0073	Vitamins for hair growth
0001.0074	northern california hiking trails
0001.0077	How to potty train your dog
0001.0078	Should I spank my child
0001.0079	What started the first world war
0001.0080	How long is the term of a US senator
0001.0081	usd to euro
0001.0082	what american sports teams has the most world titles
0001.0083	What is the cost of tuition at kent state
0001.0084	What is the current unemployment rate in the United States
0001.0085	Is it healthy to consume fish and milk together
0001.0086	What can I use instead of magnets to keep cabinets closed
0001.0087	What is the name of the last painting done by Van Gogh
0001.0088	What are some of the benefits of spending time in nature
0001.0089	what are black holes made of
0001.0090	What is the best hotel in italy
0001.0091	can a dog be vegan
0001.0092	Give me directions from New York to Los Angeles
0001.0093	what causes warts
0001.0094	How many dogs are in the USA
0001.0095	How many earths could fit inside the sun
0001.0096	Do I need a prescription for Zyrtec
0001.0097	What degrees to become a college professor
0001.0099	What is the best brand of 3D printer
0001.0101	bitcoin predictions
0001.0102	how many calories do people need a day
0001.0103	What is the best stocks to by in 2022
0001.0105	fresh produce
0001.0106	The air in my house is too dry
0001.0107	What kind of educational toys should be given to children of age 38
0001.0108	When did the Roman Empire fall
0001.0110	What are some popular DIY doityourself crafts and hobbies that people enjoy
0001.0111	Homemade macaroni and cheese recipe
0001.0112	How many religions are there in the world
0001.0113	how many years of school are needed to become a doctor
0001.0114	How is osteoporosis in women treated
0001.0116	What is the formula for compound interest
0001.0117	geology North America
0001.0118	How many times does 9 go into 99
0001.0120	What are some effective study techniques for improving memory retention
0001.0121	Austin kearns
0001.0123	How can i fix my TV
0001.0124	What movies is Clint Eastwood known for
0001.0125	How many seats did the Republicans gain in the House in November 2022
0001.0126	Will DMT open your third eye
0001.0127	Is adapalene or retinol better for treating acne
0001.0128	how many calories in a banana
0001.0130	What are some common symptoms of anxiety
0001.0131	right wing party in the usa
0001.0132	What is the worlds oldest religion
0001.0136	What should be the ideal inflation rate for usa
0001.0137	Napoleonic Wars
0001.0138	Best water filter for my house
0001.0139	How to learn to paint
0001.0140	what is a quark
0001.0141	2021 MLB standings
0001.0142	How large is an American football field
0001.0143	What is the largest online car parts store
0001.0144	golf in florida
0001.0145	what are some good movies from 2022
0001.0148	gerrymandered districts in 2020
0001.0149	What are some major events that happened in the 20th century
0001.0150	How to paint a wall
0001.0153	is ebola virus completely eradicated
0001.0154	What is the most expensive art in 2022
0001.0155	How to meditate
0001.0156	Average price for a home in san jose
0001.0157	Womens Converse Chuck Taylors in pink
0001.0158	uv blocking patio umbrellas
0001.0159	Which movie franchise has had the most sequels
0001.0160	What are some lowmaintenance pets that are good for people with busy lifestyles
0001.0161	Adam Dunn
0001.0162	When was Neptune discovered
0001.0163	mortgage tiny home
0001.0164	what is a cheesecake made up of
0001.0166	What are the most common pet dog breeds
0001.0167	how to clean cats ears
0001.0168	How do I keep wasps out of my yard
0001.0169	What are some of the key factors that can affect the stock market
0001.0172	How scientists are able to detect black holes
0001.0173	historical wars ukraine
0001.0174	what is the best age to begin potty training
0001.0175	What was the most important breakthrough science project of 2022
0001.0176	what is a left wing extremist
0001.0177	best indoor house plants
0001.0178	What are the rules for playing badminton
0001.0179	What are some popular hiking trails in the United States
0001.0180	cheapest hobbies to start
0001.0182	meditation ayurveda
0001.0183	What are the largest organized religions in the world
0001.0184	What causes a rainbow
0001.0185	dollar bill origami how to
0001.0186	how to build a cat house
0001.0188	What is the yield curve
0001.0189	How can I repair my garage door opener
0001.0190	What are some popular running shoes for women
0001.0192	mountains in Colorado to climb
0001.0194	woodworking bird houses
0001.0195	What is the largerst tree in the world
0001.0196	best hiking in northern virginia
0001.0198	Who is the longest serving US senator
0001.0199	best scientific invention
0001.0200	What are some effective home remedies for a sore throat
0002.0001	What NBA team has the highest payroll
0002.0003	how to invest in brazil
0002.0005	Most popular dog breeds
0002.0006	how to get reluctant readers to read more
0002.0007	south africa election results
0002.0008	Sean Casey
0002.0010	biggest waterfall
0002.0011	What started world war 2
0002.0012	What are the most important things to teach children in school
0002.0014	usd to euro rate
0002.0015	stainless steel side by side refrigerator
0002.0016	Who was don pedro II
0002.0017	Where to buy a puppy
0002.0018	local dog trainer
0002.0019	amusement parks in michigan
0002.0020	ways to lower a1c
0002.0021	how many calories are in a pizza
0002.0023	best food in brazil
0002.0024	how to get rid of stains in ceramic sink
0002.0025	Adam Dunn
0002.0026	how to clear house of negative energy
0002.0027	Who owns Fox tv
0002.0028	arizona scenic hiking trails
0002.0029	List the countries with top GDP
0002.0030	what do hamster eat
0002.0033	How to teach a 4 year old
0002.0034	cosmopolitan recipe
0002.0035	What is the American dollar to Canadian dollar exchange rate
0002.0037	local pottery classes
0002.0038	best black and white classic movies
0002.0039	Top US movies in 2022
0002.0040	all time win leader in the nba
0002.0041	what is the most popular sport in germany
0002.0042	bulldog adoption centers
0002.0043	What are the most important events in history
0002.0044	Terrible twos
0002.0045	List of the smartest dogs
0002.0046	Right in  party in brazil
0002.0048	turn 100 dollars into 100000 dollars
0002.0049	local craft supply stores
0002.0050	invasive plant species florida
0002.0051	what trading cards are the most valuable
0002.0052	Top ski resorts in the US
0002.0053	back to school supplies january
0002.0054	Reds opening day
0002.0055	passive income
0002.0056	What is the best crypto to buy in 2022
0002.0059	What are some of the most popular sports in the world
0002.0060	budgeting tips for single moms
0002.0061	How much freshwater exists on earth
0002.0062	Bitcoin exchange
0002.0064	what can i do during a rainy day
0002.0065	Best soccer team in brazil
0002.0066	weekend box office numbers
0002.0067	Tet Offensive
0002.0068	Can we travel faster than the speed of light
0002.0069	spicy chili recipe
0002.0070	why do dogs howl when hear sirens
0002.0073	what are the most common college degrees
0002.0074	baskin robbins menu items
0002.0075	best apertifs
0002.0076	pet toys
0002.0077	purses for men
0002.0078	Elsa from Frozen arts and crafts tutorial
0002.0079	american sushi
0002.0081	what is the name of the science that focuses on marine life
0002.0082	cuisinart appliances rustic design
0002.0083	stamp collecting tips
0002.0084	What is the best volleyball team in the world
0002.0085	Catholic THeology
0002.0086	cat trees
0002.0087	Best place to relax with jungle views
0002.0088	local cheesemonger
0002.0089	Best movie in 2021
0002.0090	The top movies everyone should watch in their lifetime
0002.0091	What political party has more house members
0002.0093	amazon forest deforestation risks
0002.0095	Top 10 dogs who bite
0002.0096	list of countries by gdp
0002.0097	How can i prevent problems in my back
0002.0098	What are some of the best ways to improve your health and wellness
0002.0099	help with oil change at home
0002.0100	Why does a cat purr
0003.0001	Who won the superbowl
0003.0002	front clip dog harness
0003.0003	Are cryptocurrencies a safe investment
0003.0006	How to discipline kids under 10 years old
0003.0007	Best animes of 2022
0003.0008	amazon black friday deals
0003.0009	which is the number one basketball in the world
0003.0010	Why is Alexander is called the great General
0003.0011	What is the diameter of an NBA basketball
0003.0012	why do leaves turn color in autumn
0003.0013	elk antlers dog
0003.0014	top 10 countries with highest median income
0003.0015	what kind of wet cat food is the most nutrional
0003.0016	easy stir fry recipes
0003.0017	What grade is a 10 year old in
0003.0018	when was the second world war started
0003.0019	What is the best smartphone on the market in 2022
0003.0020	how to make roast duck chines style
0003.0021	how to knit a sweater
0003.0022	penny stock advice
0003.0023	dog parks new jersey
0003.0024	What do you fo for a sick cat
0003.0025	top 10 countries with highest GDP
0003.0027	Which molecule is most abundant in Earths atmosphere
0003.0028	How much does it cost to start boxing
0003.0029	What beer is most popular in united states
0003.0030	What are the longest rivers in the world
0003.0032	Who is the most famous artiest
0003.0033	Best unknown films
0003.0035	how far is earth from the sun
0003.0036	What a dog can eat
0003.0037	rib tips recipe
0003.0039	What is the Planck theory
0003.0040	how frequently should i bath my dog
0003.0041	What prompted the start of the First World War
0003.0042	What is an electron
0003.0043	easy pasta recipes
0003.0045	list of national parks in US
0003.0046	How many hours of sleep is recommended
0003.0047	how many elements are there
0003.0048	How much a 4 year old can run
0003.0049	What is the speed of light
0003.0050	who started the world war one
0003.0051	Which dog breeds are hypoallergenic
0003.0052	How long did it take to build the pyramids
0003.0053	celebrity weddings
0003.0054	best bully sticks for dogs
0003.0055	How to build a boat
0003.0056	which team has won the most number of fifa cups
0003.0057	oldest senator
0003.0058	Who has won most NFL superbowls
0003.0059	How do I get seasonings to stick to my croutons
0003.0060	what is the first civilization in the world
0003.0061	What is a good messfree craftf for a two year old
0003.0062	who won the 2021 super bowl
0003.0063	How many movies has adam sandler starred in
0003.0064	How many different animals are there over the world
0003.0067	2022 oscar
0003.0068	Best parks in brazil
0003.0069	How to prepare home for winter
0003.0070	Who is babe Ruth
0003.0071	How many different breeds of dogs are there
0003.0073	What is the term of a US congressperson
0003.0074	stonewall riot
0003.0076	Who scored most points in NBA history
0003.0077	Good teaching tools for a 9 year old
0003.0078	What is the best morning excercise
0003.0079	Who created art
0003.0080	aldi weekly ads
0003.0081	What is the largest department store in America
0003.0082	Which species of tree is the tallest
0003.0083	nhl teams pennsylvania
0003.0084	weight loss plans
0003.0085	What are the best games of 2022
0003.0086	Who was the speaker of the house in 2020
0003.0087	what is the most popular dog breed
0003.0089	Who is first president
0003.0090	chicago mayor election
0003.0091	How do I replace a toilet
0003.0093	disposable litter box
0003.0094	feed toddler for snack at 2
0003.0095	what is best platform to shop branded cloths
0003.0096	what is the highest rated movie of 2010
0003.0097	How much water should you drink a day
0003.0098	Most mystery movies to watch
0003.0099	lebron james sneakers
0003.0100	Who is princess isabel of brazil
0003.0101	How do you reduce screen time
0003.0102	what is the pH level of drinking water
0003.0103	What is the city with the highest population
0003.0104	beer can chicken recipe
0003.0105	Whats the most abundant tree type in North America
0003.0107	usnews university ranking
0003.0108	How to make beef wellington
0003.0109	is it okay to get a cat and a dog
0003.0110	Best bike in 2022
0003.0111	Which MLB pitcher has the most career strikeouts
0003.0112	new tv shows
0003.0113	trout stream upstate new york
0003.0114	Beijing Olympic games
0003.0115	How often does a dog need to get a rabies shot
0003.0116	execices for a 15 year old
0003.0117	Running vs sprinting
0003.0119	which food has the low calorie and good for diet
0003.0120	What is best food for dogs to eat
0003.0121	Which Canadian retailer has the lowest prices for electronics
0003.0122	Wheres the biggest volcano located
0003.0123	ways to stop tantrum
0003.0125	local hot springs
0003.0126	smoked brisket recipe
0003.0127	Who is Jair Bolsonaro
0003.0128	What is the optimal salinity for a salt water aquarium with clownfish
0003.0129	nike air force sneakers
0003.0130	What is newtons laws of motion
0003.0131	What are signs of a stroke
0003.0132	deep fried turkey recipe
0003.0133	How much should you exercise each week
0003.0134	when was pablo picasso born
0003.0136	baby and me classes
0003.0137	Which teams are considered The Original 6 in the NHL
0003.0138	2008 Olympics games
0003.0139	How to make a old fashion
0003.0140	How to make lawn neat and clean
0003.0141	how tall is the eiffel tower
0003.0142	When did the US enter WW1
0003.0143	What is the name of the tallest grass on earth
0003.0144	Best high protein foods
0003.0145	Is chocolate good with wine
0003.0146	nonalcoholic beverage that tastes alcoholic
0003.0147	Who were the most famous artists during the Renaissance
0003.0148	What is the dirtiest river in the world
0003.0149	local painting classes
0003.0150	chicago pizza recipe
0003.0151	Pennsylvania governor
0003.0153	who is the highest paid baseball player
0003.0154	What are the signs a roof needs to be replaced
0003.0155	Should I continue education after school
0003.0156	smartest dogs
0003.0157	Who are the candidates in 2024 presidential election
0003.0159	what are the best way to reduced fat
0003.0160	How to make health juice with chemicals
0003.0161	how big is the sun
0003.0162	mens basketball ap rankings
0003.0163	best food for dog weight loss
0003.0164	what is the speed of light in normal words
0003.0165	How many movies has Adam Sandler been in
0003.0166	Right in opostion in china
0003.0167	What is a 401K
0003.0168	How often should you get a massage
0003.0171	Which country has the largest rain forest
0003.0172	How many stradivarius violins are there in existence
0003.0173	best dog toys
0003.0174	What is the best car deals of 2022
0003.0175	best cardboard cat scratcher
0003.0176	What is the largest mammal
0003.0177	Best price comparison website
0003.0178	When was first basketball match played
0003.0179	ideal sleep hours
0003.0180	What do Golden Retrievers like for food
0003.0181	private colleges in philadelphia
0003.0182	most expensive painting in the world
0003.0183	when did world war two end
0003.0185	Which football team has won the most Superbowls
0003.0186	What age should I move out
0003.0187	how to do yoga in the morning
0003.0188	What is recipe  for good turkey chicken
0003.0189	Who is richest person in America
0003.0190	How big is the sun
0003.0191	Which university has the highest undergraduate enrollment
0003.0192	how much do black bears weigh
0003.0193	Who won WWII
0003.0194	current president of France
0003.0195	local waterfalls
0003.0196	waterfront parks pennsylvania
0003.0198	which movie has won the more number of Oscar awards
0003.0199	alpacas for pets
0003.0200	Who are the best painters in the world
0004.0001	Which movie has won the most Oscar wins in one year
0004.0002	Which US president lived the longest
0004.0003	Which country has the highest GDP
0004.0004	bitcoin price
0004.0005	ways to decorate front porch
0004.0006	What foods have high amounts of phosphate
0004.0007	What are the most common religions in Africa
0004.0008	how do i fix a broken picture frame
0004.0009	tips to stay healthy
0004.0010	Iphone 11
0004.0011	Who is the current Premier of Ontario
0004.0012	kneehigh boots
0004.0013	toughest dog balls for heavy chewers
0004.0014	indian chicken curry
0004.0015	swing states 2024
0004.0016	What does it mean to be considered liberal
0004.0017	smoked bbq chicken recipe
0004.0018	Where can I buy groceries for cheap
0004.0019	Can dogs drink milk
0004.0020	Will there be a recession in the US in 2023
0004.0021	Where is the Mona Lisa
0004.0023	How many colors are in the rainbow
0004.0024	best business schools in US
0004.0025	Is garlic safe for dogs
0004.0026	What foods are cats allergic to
0004.0027	what sounds does a deer make
0004.0030	how to raise a 3 year old
0004.0031	moon milk recipes
0004.0032	What is the lifespan of a honey bee
0004.0033	What is the average life span increase for someone who exercises three times a week
0004.0034	how to knit a scarf
0004.0037	Iphone 12
0004.0038	Can tarot cards really predict the future
0004.0039	what religions accept gay marriage
0004.0040	List the top restaurant in United States
0004.0041	how many forms of chemistry are there
0004.0042	How to feed a baby squirrel
0004.0043	What was GDP in the US last year
0004.0044	summer movies 2023
0004.0045	best magnet school san francisco
0004.0046	marvel iron man movie
0004.0047	What evidence exists of the Big Bang Theory
0004.0048	Why is coca cola formula secret
0004.0049	how to train a dog at home
0004.0050	Best state parks in Massachusetts
0004.0051	Who won the most recent Chicago mayor election
0004.0052	What is the best material for a retaining wall
0004.0053	Is John Mulaney still married
0004.0054	Real Madrid CF
0004.0055	how to learn mosaic making
0004.0056	tips to maintain and repair home
0004.0057	What are the latest advancements in gene editing technology
0004.0058	Tips to keep pets away from diseases
0004.0059	How many maximum years can someone serve in congress
0004.0060	Champions League
0004.0061	How do clouds form
0004.0063	ethereum price
0004.0064	At what age should a child begin speaking
0004.0065	is recession making a big impact on worldwide tradings
0004.0066	when did the french revolution begin
0004.0067	wildflowers in michigan
0004.0068	What are the causes of a recession
0004.0069	best drink to pair with cheesecake
0004.0070	how to growth our health
0004.0071	How to make a paper boat
0004.0072	What is soda made of
0004.0073	who painted the scream
0004.0074	biggest economy in the world
0004.0075	How to instill discipline as a parent
0004.0076	dog trainer austin texas
0004.0077	learn to code free course
0004.0078	Why does Switzerland have one of the best education rates
0004.0079	What are the healthiest dog food brands
0004.0080	Which country won the 2018 World Cup
0004.0081	how to make eggnog recipe
0004.0082	What are the open hours of Saguaro National Park East
0004.0083	When did WW2 end
0004.0084	When did the Great Depression end
0004.0087	What are the potential impacts of climate change on biodiversity and ecosystems
0004.0088	Who won the oscar for best actor in 2021
0004.0089	How many leaves does a tree have
0004.0090	What is the most common stone used for sculpture
0004.0091	What is the most common recreational activity across different countries
0004.0092	Golden State Warriors
0004.0093	What is the most practiced religion
0004.0094	rainy day activities for kids
0004.0098	List of upcoming Marvel Movies
0004.0099	best leakproof diapers
0004.0100	watermelon mocktail recipe
0004.0101	what are some tasty nonalcoholic cocktails
0004.0102	When was Rome first sacked
0004.0103	bbq pork shoulder recipe
0004.0104	History and bibliography of the Milan soccer team in Italy
0004.0105	Can i make Starbucks Ice Latte at home
0004.0106	Why do so many people die while mountaineering in the Andes in Chile
0004.0107	Whos Justin Biebers wife
0004.0108	Which online savings account has the best interest rate
0004.0109	Most popular cat breed
0004.0111	how to change your tire
0004.0112	What is the smoothest coffee I can buy
0004.0113	what is the latest album from metallica
0004.0114	top smartwatches brands in United States
0004.0115	top upcoming hollywood movies
0004.0116	How long do dogs usually live
0004.0117	cat trees
0004.0118	Who invented peanut butter
0004.0119	Average home price in las vegas nevada
0004.0120	Most popular dog breed in the us
0004.0121	What is the rate of change of the number of trees on earth for the last 100 years
0004.0123	World Cup
0004.0124	What is the orbital period of the moon around Earth
0004.0125	fitness trails in northern virginia
0004.0126	best dash cam back up camera combo
0004.0127	What are the biggest football teams in Spain
0004.0128	Tell us a little about LioneL Messis story
0004.0129	best dog beds
0004.0130	Do any countries not have mandatory secondary education
0004.0131	alabama white sauce recipe
0004.0132	biggest spiritual leader in the world
0004.0133	Which NBA team plays in Milwaukee
0004.0134	Does the Gila woodpecker only live inside sagauros
0004.0135	How much do horses cost
0004.0136	how to build a pc
0004.0137	what sport did Kobe Bryant play
0004.0138	where can i find salomon x ultra shoes
0004.0139	Is Kombucha alcoholic
0004.0140	plant based foods are healthier or not
0004.0141	Lasagna recipes
0004.0142	What are the benefits of a magnesium supplement
0004.0143	Is Wuhan laboratory is the origin of Covid
0004.0144	What is the most popular cocktail
0004.0145	What types of food are most people allergic to
0004.0146	Which president has gotten the biggest percentage share of the popular vote
0004.0147	What is the NASDAQ
0004.0149	What is the average amount of credit card debt
0004.0150	Barcelona FC
0004.0151	dog with skin allergies how to cure
0004.0152	which party would dominate in the upcoming president election of United States
0004.0153	basketball records
0004.0154	national parks
0004.0155	How did Japan come about
0004.0156	learning activities for 4 year old
0004.0157	current grocery store coupons
0004.0158	jackson pollock date of birth
0004.0160	Burger King fast food chain history
0004.0161	What plants are toxic to cats
0004.0162	Nancy Mace on abortion
0004.0163	When was macaroni and cheese invented
0004.0164	what sport did maria sharapova play
0004.0166	Is there a term limit for the California state governor
0004.0167	lump on my cat after vaccine
0004.0168	Is covid vaccine creates mutation
0004.0170	Which NFL team has lost the most Super Bowls
0004.0171	Does China helps Russia in war crime against Ukraine
0004.0172	Donald Trump
0004.0173	What is the average cost of a college education in the US
0004.0174	What is the biggest shopping mall in America
0004.0175	how to help your child make friends
0004.0176	big bang
0004.0177	top mobiles in 2022
0004.0179	history of nuclear energy
0004.0180	What team won the Stanley Cup in the 202122 season
0004.0181	What is Quentin Tarantinos highest grossing film
0004.0182	Who won the Battle of Waterloo
0004.0183	gun control legislation
0004.0184	When did the Naruto anime come out
0004.0185	What is world politics short note
0004.0186	How old is the universe
0004.0187	who discovered california
0004.0188	How is pepsi made
0004.0189	best horror movies 2021
0004.0190	beginning watercolor faq
0004.0192	how medicines are made
0004.0193	Which university is the best in the world
0004.0194	Top 10 dogs who bite
0004.0195	What is Paleo diet
0004.0196	how to change oil
0004.0197	Whos the president of Russia
0004.0198	Recipe for mulligatawny soup
0004.0199	Who is Banksy
0004.0201	Which of todays countries is the oldest
0004.0202	What are the most common dog breeds to have as pets
0004.0203	Who is the longest reigning English monarch
0004.0204	war of 1812
0004.0206	How long should people workout everyday
0004.0207	Who was elected President of the USA in 2016
0004.0209	spring indoor decoration ideas
0004.0210	best ski resorts in the united states
0004.0211	Tips for a better Parenting
0004.0212	world war
0004.0213	antioxidants in common fruits
0004.0214	local forest restrictions
0004.0216	who painted the scream
0004.0218	What can vegans eat
0004.0219	History of the Real Madrid soccer club in Spain
0004.0220	Most popular horses
0004.0221	How many calories does a 20 minute HIIT workout burn
0004.0222	median income in missouri
0004.0224	What supplies do you need to start knitting
0004.0225	Which party will be in leading role of upcoming presidential election
0004.0226	what sport is popular in guatemala
0004.0227	Things to know before taking plant based foods
0004.0228	What star is the closet star to Earth besides our sun
0004.0229	northern california engineering schools
0004.0230	What is the youngest element on the periodic table
0004.0231	World War I
0004.0232	ron Paul
0004.0233	how tall do oak trees get
0004.0234	How many people in America did not graduate from college
0004.0235	corgi facts
0004.0236	What are the most valuable football clubs in the world
0004.0237	what about the inflation rate in United States on 2022
0004.0238	What species of shrub are native to southern California
0004.0239	paper maiche
0004.0240	Who is governor of Florida
0004.0241	mediation for athiests
0004.0244	steelers super bowl wins
0004.0245	What items do I need to knit a scarf
0004.0246	Who discovered Brazil
0004.0247	How does the rain process occur
0004.0248	Hummus recipe
0004.0249	famous art shows in the world
0004.0250	2020 presidential election result
0004.0254	tips to live healthier
0004.0256	What is the heaviest bird that exists today
0004.0257	tips for a better parenting
0004.0258	northern california hiking trails
0004.0259	How many grand slams are there a year in tennis
0004.0262	How many years to become a veterinarian
0004.0263	What are some essential woodworking tools
0004.0264	what is the best college major
0004.0265	Real Madrid
0004.0266	What was the top box office movie in 2021
0004.0267	Tips to repair home
0004.0269	what are the non canonical books of the bible
0004.0270	who painted the mona lisa
0004.0271	stone material high cooling rates
0004.0272	worlds largest political party
0004.0273	Whats the biggest species of dog
0004.0274	How does the aurora borealis appear
0004.0275	Who is the current speaker of the house in the US
0004.0276	Where did the chicken KFC come from
0004.0277	Is Biden going to run for president again
0004.0278	What causes thunder and lightning
0004.0279	How many terms can a United States president serve
0004.0280	how to adopt a puppy
0004.0281	Playstation 4 Pro
0004.0282	How old is Drew Barrymore
0004.0284	how to remove a tick from my child
0004.0285	How are black holes formed
0004.0286	Is climate change is real
0004.0287	Does the Russia Ukraine war causes Recession among worldwide
0005.0001	how do I make a margarita
0005.0002	boston art museums
0005.0003	what country has the best education
0005.0004	current senators Pennsylvania
0005.0005	What are things to do first for home garden
0005.0006	What teams played in the NFL 2021 superbowl
0005.0007	What is the most watched sport in America
0005.0008	How to remove ink from hand
0005.0009	Who was Jesus Christ
0005.0010	top humidifiers in 2022
0005.0011	Swimming how to learn
0005.0012	Unemployment rate in United states in 2021
0005.0014	What are the best breeds of dogs for families with children
0005.0015	hiking trails in Oregon
0005.0017	Is it on average cheaper to buy things online or in store
0005.0018	italian cuisine
0005.0019	best online site for shopping
0005.0025	What is deconstruction
0005.0026	At what age should parents talk to their children about sex
0005.0027	why does my cat stare at me
0005.0028	where did kenny pickett go to college
0005.0029	How do you freeze water into ice quicker than putting it in a freezer
0005.0030	average heart rate of healthy adult woman
0005.0031	college costs in state California
0005.0032	desert hikes oregon
0005.0033	How do I stop groundhogs from entering my yard
0005.0034	What is the longest river in the world
0005.0035	andy warhol paintings for sale
0005.0036	What is a recipe for Thanksgiving
0005.0037	beef lasagna recipe
0005.0038	What is the soccer team with the most world cup titles
0005.0039	Chelsea FC
0005.0040	Who won the 2000 Super Bowl
0005.0041	who would be the next president of United States
0005.0042	Can dogs live with cats
0005.0044	Is climate change is real
0005.0045	What is the background of the fifth president of the United States
0005.0046	What do cats eat
0005.0047	What are the benefits of spending time in nature
0005.0048	weight loss methods
0005.0051	tell something about shopping
0005.0052	Top restaurant in United States
0005.0056	Best horror movies of all time
0005.0057	What year was the first presidential election of the united states
0005.0058	What are the best water parks in the world
0005.0060	Highest mountain in the world
0005.0062	essential tools for making cupcakes
0005.0063	Where is Rio de Janeiro located
0005.0065	What are the rules for raquetball
0005.0066	how many types of beer are there
0005.0067	the science behind positive energy on words
0005.0068	indian cuisine
0005.0069	top grocery shops in United States
0005.0071	When did picasso die
0005.0072	What is the cost of going to the average Ivy League school including room and board
0005.0073	How to train a puppy to sit
0005.0074	Who painted gioconda
0005.0076	Is PHP outdated
0005.0077	Food  Drink
0005.0080	What is the best form of cardio for fat loss
0005.0081	best charter schools houston
0005.0083	Who was the 13th president of the United States
0005.0084	can cats eat bread
0005.0085	is covid vaccines causes side effects
0005.0087	how to calculate square root
0005.0088	Who was the first woman in space
0005.0089	What was the highest final score in an NBA game
0005.0090	How to restore a computer
0005.0091	Tips to avoid cardiac issues
0005.0093	How to prepare negroni cocktail
0005.0097	What are some popular national parks to visit in the United States
0005.0098	How much in gear does the average Hockey player wear
0005.0100	Cosmopolitan recipe
0005.0101	List the top ten countries with highest GDP rate
0005.0106	Who won the most MVPs in the NBA
0005.0107	foods with omega 3
0005.0108	What is the best morning energy drink
0005.0109	How many calories do I burn running 1 hour
0005.0110	gluten free pizza recipe
0005.0111	Can cats drink milk
0005.0114	good stocks to buy in 2022
0005.0115	How much food should a cat eat each day
0005.0116	art museum cincinnati
0005.0117	How much does a black bear weigh
0005.0118	At what age is it okay to start leaving kids alone for short time at home
0005.0120	who won the Kentucky Derby last year
0005.0121	interesting facts about cats
0005.0122	What is the name of Bob Dylans first album
0005.0125	Is china hiding the origin of Covid
0005.0126	coffee maker
0005.0127	Who burned rome
0005.0128	What are the benefits of pursuing higher education
0005.0129	When does a baby start teething
0005.0131	Who won the 1978 Stanley Cup
0005.0132	Best actors in 2022
0005.0135	who is the governor of south dakota
0005.0136	How fast does a nascar go
0005.0138	Average temperature for April in North America
0005.0139	usd to euro
0005.0140	treating cat uti
0005.0141	How many US adult have a high school diploma
0005.0142	how to play badmitton
0005.0143	top programming languages need to know to get a job
0005.0145	10 best comedy movies of 2022
0005.0146	what about the peoples thought over Gun control in the United States
0005.0150	love seat
0005.0151	Highest selling recording artist of all time
0005.0152	What are some affordable and stylish home decor ideas
0005.0153	Games for dogs
0005.0154	How do you feel when you wake up
0005.0156	queen bee iifespan
0005.0159	Who created the pizza
0005.0162	nfl draft location
0005.0165	History of Formula one race
0005.0166	What is the most expensive coffee bean
0005.0168	What is the most common pet in America
0005.0170	do athletes live longer
0005.0171	Best horror movie of 2022
0005.0172	Best university in Massachusetts
0005.0173	Colors of golden retriever
0005.0174	top movies in world wide on 2008
0005.0175	What is the tallest species of tree
0005.0176	Jeremy Renner
0005.0177	meditation techniques
0005.0178	Who is the president of the united states
0005.0179	How to get kids to eat veggies
0005.0180	What is the best way to clear stone tiles in the back yard
0005.0181	What are some famous paintings by Vincent van Gogh
0005.0184	best dog collar
0005.0185	How do tsunamis form
0005.0187	What actor has starred in the most films ever
0005.0190	knitting for beginners
0005.0192	How many seasons is Friends
0005.0193	Which IDE is better to learn c programming language
0005.0194	Coldest place in the world
0005.0195	what was the first religion
0005.0196	What are the benefits of living near a national park
0005.0197	Pasta alla carbonara recipe
0005.0198	How much does it cost to get into crafts with clay
0005.0199	How to care for a puppy
0005.0200	origin of the universe
0005.0201	Who wrote the book of Genesis in the Bible
0005.0203	How to start running
0005.0204	Things to learn from the movie Shawshank redemption
0005.0207	fig varieties in the US
0005.0208	where did tom brady go to college
0005.0210	finance a home
0005.0211	cat care
0005.0212	the best car to by in 2022
0005.0214	List of upcoming Marvel Movies
0005.0215	Is Donald Trump left or right
0005.0217	Can dogs eat candy
0005.0218	What are the spiritual benefits of meditation
0005.0220	Joe Biden
0005.0221	Tips for Healthy foods
0005.0222	How to make pizza dough
0005.0223	Which actor has the most Best actor nominations
0005.0225	At what age should you spay or neuter a cat
0005.0226	list some cute pets
0005.0229	Top Diet plans for women
0005.0230	greyhound adoption
0005.0233	What is the most common pet in the United States
0005.0234	Liverpool FC
0005.0235	president election 2024
0005.0237	NBA championship 2009
0005.0238	popular cocktails
0005.0239	What was the first film with sound
0005.0240	which dog breed is smartest
0005.0242	Robert F Kennedy
0005.0244	facts about dogs loyalty
0005.0245	road map to become a backend developer
0005.0246	What are the benefits of using renewable energy sources
0005.0247	Canada best natural places
0005.0249	How often to change furnace filter
0005.0250	Can a non US citizen ever run for the presidency
0005.0251	How do salmon spawn in the wild
0005.0253	What are some effective ways to discipline children
0005.0254	Best books to read in 2008
0006.0001	MLB standings
0006.0002	How to install TV on the wall
0006.0003	What are some fall decorating tips
0006.0004	What is the difference between Christians and Catholics
0006.0005	best schools for teens in france
0006.0006	Learn how to knit
0006.0007	top online retails for shopping
0006.0008	Who won the 2016 presidential election
0006.0009	Interest rate and less money
0006.0010	Most popular sport in the uk
0006.0012	How much is the PS5
0006.0013	What year was Pluto discovered
0006.0014	How far is the earth from the sun
0006.0015	Can I grow snake as a pet
0006.0016	Best energy drink sugarfree
0006.0017	learning guided meditation
0006.0018	Where can I buy an air fryer
0006.0019	What are best exercise for legs
0006.0020	Can dogs eat eggs
0006.0022	Top universities in United States
0006.0023	Why do I need to spay my pets
0006.0024	how do you tie a slip knot
0006.0025	What is the worlds largest religion
0006.0026	How to fix a broken stair
0006.0027	How big do German Shepherds get
0006.0028	most popular degree in australia
0006.0030	how to make child learn good things
0006.0032	What is the best camera for a beginner in photography
0006.0033	At what age should a dog be spayed
0006.0034	top movies of Morgan freeman
0006.0035	How to remove stains from clothes
0006.0037	How do you fold a paper airplane
0006.0038	quilt store montana
0006.0039	Chocolate chip cookie recipe
0006.0041	How to make room smell fresh and nice
0006.0042	What is a gravity assist
0006.0043	What are the symptoms of Diabetes
0006.0044	Where is Japan located
0006.0045	Skills to learn to become a Software Engineer
0006.0046	most points scored in an NFL game
0006.0047	What is the most popular cat breed in US
0006.0048	Life after death
0006.0050	Who was the most liked President in America
0006.0051	Who is Andrew Yang
0006.0052	What is the longest running TV show
0006.0053	Junk foods with examples
0006.0054	Can cat eat egg
0006.0055	best burger in texas
0006.0056	Who is the best painter in India
0006.0057	Reds tickets
0006.0058	How to remove paint from clothes
0006.0059	Who was the second president of the United States
0006.0060	Who is Tipu sultan
0006.0061	box office 1992
0006.0062	what are seven wonders of world
0006.0063	What elements are most abundant on Mars
0006.0064	Best drink to go with sushi
0006.0065	spank kids good bad
0006.0066	What is the best way to stop a baby from crying
0006.0067	What is the best dogs breed to have in home
0006.0068	How many members of congress are there
0006.0069	basics of HTML programming
0006.0070	What are the main factors that affect interest rates in an economy
0006.0071	Best horror movie 2022
0006.0072	How to train a dog
0006.0073	What are the most prestigious Universities in America
0006.0074	bitcoin price
0006.0075	Road map to become a Software Engineer
0006.0076	The childhood story of Hitler
0006.0077	How many people died in the Civil War
0006.0078	best aquarium for a turtle
0006.0079	Who is Rajnikanth
0006.0080	How do I make a martini
0006.0081	How many world cups has Brazil
0006.0082	appalachian hiking trails
0006.0083	What are the holy places in the world
0006.0084	What are the best colleges in New York
0006.0085	what causes sunset colors
0006.0086	Tell us a little about Barcelona FC soccer club
0006.0087	top smartwatches in 2022
0006.0089	How to make sushi
0007.0001	Most expensive colleges in USA
0007.0002	martin luther king speeches
0007.0004	obama trump
0007.0005	Which director has won the most Oscars
0007.0006	brazil president
0007.0007	How many species of birds have been identified
0007.0009	Wolves FC
0007.0011	history of pele
0007.0012	fastest animal in the world
0007.0014	How to renovate a home with African theme
0007.0015	What was the outcome of the 2022 midterm elections
0007.0018	How long does an evergreen tree live on average
0007.0019	When are estimated tax payments due to the IRS
0007.0020	How often does Hobby Lobby switch their 50 sale categories
0007.0021	IPL points table
0007.0022	BEST FOOD FOR DINNER
0007.0023	How expensive is raising a child
0007.0025	Buffalo Bills
0007.0029	Spaghetti recipe
0007.0030	Ingredients for making Icecream
0007.0031	Best penny stocks to buy
0007.0032	Things to do on beach vacation
0007.0033	Arts 2022
0007.0034	Kid Nike Black Shoes
0007.0035	best place to buy tank tops
0007.0036	What is the most popular dog breed in the United States
0007.0037	Can cats eat watermelon
0007.0038	Can Cats drink milk
0007.0039	new heavy metal bands
0007.0040	What religions were persecuted in World War II
0007.0041	Top chain restaurants in america
0007.0042	best places to visit in highlands NC
0007.0043	arsenal last match
0007.0045	Current good shortages and solutions
0007.0046	best handmade gifts for teacher
0007.0047	Which countries supported Hitler during world war 2
0007.0049	CAT FOODS
0007.0050	healthy diet for pet parakeets
0007.0051	starting felting
0007.0052	is energy drink bad
0007.0053	who will run against Biden 2024
0007.0054	Remove a computer virus
0007.0055	HOW TO MAKE AN ICED TEA
0007.0056	What were the long lasting impacts of the great depression
0007.0057	history of brazil
0007.0059	How long does a corgi live
0007.0061	Poodle dog
0007.0062	are fish oil supplements really good for heart health
0007.0064	Which country has the highest percentage of college graduates
0007.0065	At what age can children begin learning to cook
0007.0067	history leonardo da vinci
0007.0070	How much of the world is covered in forests
0007.0071	How much does a fully grown female Great Dane weigh
0007.0072	What was 1800s Austrias official currency
0007.0074	Who will be USA president in 2024
0007.0075	Best cryptos 2022
0007.0078	In which country were the September 11 attacks
0007.0079	chicken burger
0007.0081	donald trump meme
0007.0082	fix a kitchen faucet
0007.0083	How to upgrade Windows XP to Windows 7
0007.0084	Common health problems of German shephard
0007.0085	Spirituality and Healing
0007.0086	Hurricane Disasters
0007.0087	discovery of America
0007.0088	gentle parenting breaking up sibling fights
0007.0089	What is the difference between NASDAQ and the SP 500
0007.0090	what is 4 plus 5
0007.0091	Where can I buy lawn darts in Canada
0007.0092	What are some of the most critically acclaimed films of all time
0007.0093	How to stop my cat from shedding
0007.0094	commute cosy apartment in Texas
0007.0095	largest mammals in the world
0007.0096	What can Biden improve on
0007.0097	Which animals are the most popular to have as pets
0007.0098	hitler family list
0007.0099	phoenix coyotes current arena
0007.0100	What is the best way to stream entertainment news
0007.0101	dog shih tzu
0007.0102	What are the most valuable companies in the world
0007.0105	What is the cheapest Ipad
0007.0106	Signs of a heart attack
0007.0107	What is the difference between a stock and mutual fund
0007.0112	what is an atom
0007.0114	What is the speed of the average running back in the NFL
0007.0116	Recreation snow
0007.0118	Are bees insects
0007.0119	At what age is more than 2 hours of screentime approved by the AAP
0007.0123	Iphone 13
0007.0124	Which countries have banned female genital mutilation
0007.0125	Gym tips for beginners
0007.0129	Premier league manager of the year 2022
0007.0130	Who is the current president of the united states
0007.0131	pizza and pasta
0007.0132	Natural weight lose remedies
0007.0133	Was Julius Caesar a king
0007.0134	What are the best beachfront hotels in Naples Florida
0007.0135	who was the first leader of canada
0007.0137	What type of food should I feed my parrot
0007.0138	How do you build a bird house
0007.0140	When will the Oak Ridge Boys have their next tour
0007.0142	Gun control law
0007.0143	Best exotic pets
0007.0144	What do Canada Geese eat
0007.0145	most popular actor for action movies
0007.0146	netflix action movies
0007.0147	How to have a home birth in 2022
0007.0148	Why do planets rotate counterclockwise
0007.0149	product baby
0007.0152	Entertainment 2022
0007.0153	How much does it take to begin stock investing
0007.0154	How do you make banana bread
0007.0156	Who are cholas
0007.0157	who is virat kohli
0007.0159	what is the best art museum to visit in New York City
0007.0160	What is the most common dog breed in the US
0007.0164	best workout
0007.0168	Who nominates judges to state courts
0007.0169	Is a dolphin a mammal
0007.0170	Why is soda dangerous to your health
0007.0171	When is the next World Cup for womens soccer
0007.0172	BACHELOUR DEGREE
0007.0173	Who was the first famous female scientist
0007.0175	north carolina hiking trails
0007.0178	Mathematics pythagorean theorem
0007.0179	History of Communism in India
0007.0180	ferret adoption
0007.0181	What to eat and drink when you have a cold
0007.0182	how to make bonsai
0007.0183	How tall is Mount Everest
0007.0184	most dangerous sport
0007.0185	what are the different moves in volleyball called
0007.0187	what are the advantages of doing Yoga
0007.0188	What is Justin Trudeaus policy
0007.0189	how do you unclog a sink
0007.0190	best painter of the last decade
0007.0191	Wonders of world
0007.0193	Current developments in the US Ukraine and Russia situation
0007.0194	Easy margarita recipe
0007.0195	Best exercises for overweight dogs
0007.0196	who is leading the premier league
0007.0199	Which Religion Is the Oldest
0007.0200	How to cook pasta the Italian way
0007.0201	average home price in texas
0007.0202	When was the 25th star added to the flag
0007.0203	what is the best yoga positions for hip pain
0007.0205	What age do babies start teething
0007.0207	Yorkshire Dog
0007.0208	What is the average distance between the Earth and sun
0007.0211	What is the average cost of a private school education in the US
0007.0213	history of baseball
0007.0217	What are some ways to get healthier skin
0007.0220	How much lower is the gravity on the moon compared to Earth
0007.0221	Amazon Alexa is worth it
0007.0222	BEST WORKOUT TODAY
0007.0225	blueberry smoothie
0007.0226	Dan Quayle
0007.0227	Thor Love and Thunder release date
0007.0228	forest fires
0007.0230	Home 2022
0007.0231	What are main reasons for climate change
0007.0233	Best clothing site for toddlers
0007.0234	is pluto a planet
0007.0235	What is the bulge that the Battle of the Bulge takes its name from
0007.0236	popsicle stick birdhouse
0007.0237	How do I restring a guitar
0007.0238	What was the highest grossing film in 2021
0007.0239	Best US National Parks
0007.0241	is climate change real
0007.0242	How many scientists have come out against AI
0007.0243	Ideas to expand education funding levels
0007.0244	What education does someone need to become a doctor
0007.0246	afghanistan history of war
0007.0247	Love theme
0007.0248	Which species of bird has the largest eggs
0007.0249	Line dancing near Houston TX
0007.0250	Temples in United States
0007.0251	teach me how to pray
0007.0252	history of US budget imbalance
0007.0253	How much does it cost to get a bachelors in teaching
0007.0254	donald trump
0007.0256	show coldplay
0007.0260	How many works have been attributed to Banksy
0007.0261	Who were the main countries in World War I
0007.0262	Lhasa Apso dog
0007.0264	Does metformin really slow the aging process
0007.0265	best healthy foods
0007.0268	Help me figure out what dark matter is made of
0007.0269	top action movies of the year
0007.0270	What year did Shakespeare die
0007.0272	The largest animal in the world
0007.0273	NATURAL BODYWASHER
0007.0275	NFL last results
0007.0277	Hungarian goulash
0007.0278	What are operators in C programming language
0007.0279	parenting tips
0007.0280	Education 2022
0007.0281	the first prime minister in the UK
0007.0282	how to start homeschooling kindergarten
0007.0283	Exhibition paintings by Michelangelo
0007.0284	How long did brett favre play football
0007.0285	Difference between a Caucasian shepherd and German shepherd
0007.0286	Criminal investigation of Donald Trump
0007.0287	Fun crafts to do with popsicle sticks
0007.0288	who won the first cricket world cup
0007.0289	What is the best estimate for how many trees are in the Amazon rainforest
0007.0290	Is diet soda bad for your health
0007.0291	life and work of Vincent van Gogh
0007.0292	History of America
0007.0293	Best ways to boost the US economy
0007.0294	Which American universities are the best to attend
0007.0295	investment for dummies
0007.0296	benefits of covid19 vaccine
0007.0297	Best Food  Drink in Metro Detroit area
0007.0298	What are some of the strange varieties of cheese around the world
0007.0299	What are the entry requirements for med school in the US
0007.0300	which species of bird lays the largest eggs
0007.0301	what sports pays athletes the most
0007.0303	best places africa nature
0007.0304	natural headache remedies
0007.0305	how to lower blood pressure naturally
0007.0307	list of oscar winning American actress
0007.0311	How old was Julius Caesar when he died
0007.0312	How many national parks are in the US
0007.0313	what is 4 multiplied by 4
0007.0316	dangers of combining bleach and ammonia
0007.0317	When did the Wilhelm Gustloff sink
0007.0318	What is the average cost for a new couch
0007.0320	What was the highest grossing movie in 2018
0007.0323	Who was the first US president
0007.0325	What substance are nails made of
0007.0326	mortgage rates
0007.0327	best plants
0007.0329	Which team has won the most FIFA World Cups
0007.0330	Politics 2022
0007.0331	what are the benefits of swimming
0007.0332	best mexican food in ohio
0007.0333	what is ariana grandes real name
0007.0334	who was the first US president
0007.0335	What NFL running back ran for the most yards in a single Super Bowl
0007.0336	What kind of vitamins are the best for men aged 40
0007.0337	What is the most famous typical dish of Brazilian cuisine
0007.0338	Biggest basketball arenas in the United States
0007.0339	president Joe Biden
0007.0340	Programming languages should learn in 2023
0007.0341	Is the popularity of Ron Desantis declining in Florida
0007.0342	How do I know if I am liberal or conservative
0007.0344	Best money making ideas today
0007.0345	current premier of manitoba
0007.0347	best parenting books for new parents
0007.0349	what is the most expensive work of art
0007.0350	PEPSI 750 ML PRICE IN INDIA
0007.0351	when was coca cola invented
0007.0352	How much alcohol is too much for you
0007.0354	What phylum do humans belong to
0007.0358	What is the right temperature to cook chicken at
0007.0359	How do pet microchips work
0007.0360	Marvel movies with female heroines
0007.0362	How many mass shootings occurred in 2009
0007.0366	What birds are known to make nests inside the Saguaro cactus
0007.0367	Which flower blooms every seven years
0007.0369	BEST  FOOD FOR BREAKFAST
0007.0370	What was the biggest election landslide in US history
0007.0371	Slumdog Millionaire movie
0007.0373	In which country were there pharaohs
0007.0375	One plus mobiles in flipkart
0007.0376	SECOND WORLD WAR
0007.0378	Civil War
0007.0379	top 10 quotes of BhagavadGita
0007.0380	strawberry cake
0007.0381	History 2022
0007.0382	Netflix horror series
0007.0383	best education systems in the world
0007.0384	How can I unclog my toilet without a plunger
0007.0385	How to bake a chocolate cake
0007.0386	Can dogs eat almonds
0007.0387	What is the lifespan of Golden Retriever dog
0007.0388	What is ryan goslings newest movie
0007.0389	best tv show of 2021
0007.0390	top gadgets to buy on 2023
0007.0391	is trump running again in 2024
0007.0392	Most effective ideas to support abortion rights
0007.0393	Best age to start saving for retirement
0007.0394	full scholarship for international students
0007.0395	benefits for marathon training
0007.0396	Health  Wellness
0007.0397	How to find the latest political news
0007.0399	Which US presidents were impeached
0007.0400	What is the GDP of state of Alaska
0007.0403	mona lisa
0007.0404	how is the stock market doing today
0007.0406	How old was Princess Diana when she died
0007.0407	black wall street massacre
0007.0410	What are some signs of hypertension
0007.0414	How do you get started with charcoal drawings
0007.0415	French Revolution
0007.0416	The origin of ice hockey
0007.0417	Whats the most expensive painting in the world
0007.0419	How did Heath Ledger die
0007.0423	WEIGHT LIFTING
0007.0424	List all tamil new movies
0007.0426	Best movies 2022
0007.0427	diabetes symptoms
0007.0428	One piece latest episode
0007.0430	biggest malls in the world
0007.0431	myocarditis treatment
0007.0432	what is the holy trinity
0007.0433	Was there a recession in the US in 2008
0007.0434	When was Harvard University founded
0007.0436	How do I get my dog to stop eating its own poop
0007.0437	Effective ways to lower blood sugar
0007.0438	Where can I learn about the amazon forest
0007.0439	what breed of dog lives the longest
0007.0440	top dangerous dog breeds
0007.0441	List of state senators
0007.0442	baby crying every morning
0007.0443	Latest developments in battery technology
0007.0444	best sports to put young children into
0007.0445	DIY crafts for kids
0007.0447	What are the 10 most allergic foods
0007.0448	What is the best yoga posture for a beginner
0007.0449	which is the most stolen food in the world
0007.0450	When did World War I start
0007.0451	what are frequent flyer miles worth
0007.0452	What is the most popular clothing brand for teens
0007.0454	paint by number tips and tricks
0007.0455	pitbull dog
0007.0456	Hard lemonade recipe
0007.0457	which is the cutest dog breed
0007.0458	How to clean silk garments
0007.0459	How many universities are in California
0007.0460	how to solve windows problem
0007.0462	hockey rangers
0007.0463	what is the best dog to get for children
0007.0464	Who first discovered America
0007.0465	Typical life span of black females
0007.0468	Guide to starting a victory garden
0007.0471	Did Disney or DeSantis win the lawsuit
0007.0473	Can parakeets eat dandelions
0007.0474	Whats the worst university in the US
0007.0475	Natural herbs for illness
0007.0481	Best websites to buy bitcoins
0007.0482	Food company stocks
0007.0483	drawing apples
0007.0484	Pets 2022
0007.0485	what is the leader of kenya called
0007.0486	When is Christmas often celebrated
0007.0488	To properly teach my child manners
0007.0489	Which is the fastest growing economy in 2020
0007.0490	Where can I buy bath towels
0007.0491	who is the best president of Brazil
0007.0492	2022 Oscar Winners
0007.0493	The financial reason behind layoff from tech companies
0007.0495	What are good canned goods to stock up on
0007.0496	simple woodworking project
0007.0497	2022 nhl draft
0007.0498	Health  Wellness
0007.0499	History of the periodic table of elements
0007.0500	which star wars trilogy is the best
0008.0001	Air Force Ones
0008.0003	NFL rushing leader
0008.0004	What is the significance of farming in the economy
0008.0006	How many species of birds are there
0008.0007	best tv shows 2022
0008.0008	how to have fun in fortaleza in brazil
0008.0009	fashionable shirt for mens
0008.0010	How long do dachshunds live for
0008.0011	What was first pandemic disease in the history
0008.0012	Pandhya Empire in Tamil Nadu
0008.0013	What is higher studies
0008.0014	president brazil
0008.0015	Who won the popular vote in the 2020 US Presidential Election
0008.0016	ice cream making at home
0008.0018	Who is the first cabinet president in US
0008.0019	What is best place to do shopping in Paris
0008.0020	DRAW THE CAT
0008.0021	PIZZA  TEA
0008.0022	Major Music events in 2022
0008.0023	What pet can adopt in 2022
0008.0024	Creamy White Chili recipe
0008.0025	Top skills needed to be a web developer
0008.0026	Chicken Tikka recipe
0008.0027	financing a car
0008.0028	Countries with lower GDP
0008.0029	Can you convert six feet into centimeters
0008.0031	Ancient Egypt
0008.0032	what are the top 10 museums in the world
0008.0034	What year did World War 2 begin
0008.0036	London apartments
0008.0038	WORLD WAR 1
0008.0041	Which is the best college to pursue medicine in California
0008.0043	good health
0008.0051	rings of Saturn
0008.0052	How many christians are in the US
0008.0053	most hypoallergenic dog breeds
0008.0054	average college fees in india
0008.0055	Who won the super bowl this year
0008.0056	How has the implementation of standardized testing impacted the quality of education in the United States
0008.0058	what to watch on hbo in 2022
0008.0061	baseball modern
0008.0062	pet clinic in Texas
0008.0063	Gadgets should buy on 2022
0008.0064	american football
0008.0066	How raise a kid in now a days world
0008.0067	What team did Walter Payton play for
0008.0068	DRAWING THE CAT
0008.0069	best alcoholic drinks
0008.0070	Dog or Cat which is pet friendly
0008.0071	Which party won most parliament election in India
0008.0072	Top trading partners of United States in 2022
0008.0073	Microsoft stock price predictions
0008.0074	What college has the largest student body
0008.0075	When was World War 2
0008.0076	pro soccer
0008.0078	Hottest planet in our solar system
0008.0079	stock Exchange
0008.0080	What year was CocaCola founded
0008.0083	How to groom my cats nail
0008.0084	How can I make a paper mache statue
0008.0085	How much does a dog trainer cost
0008.0088	Who was the US Vice President in 1985
0008.0089	Cause of world war I
0008.0101	How did the civil war start in usa
0008.0102	how do you replace a door
0008.0103	Broadway shows in New York City
0008.0104	How can i make a milkshake
0008.0105	cat is acting weird solution
0008.0106	sweet recipe
0008.0107	Best python online courses 2022
0008.0108	Martha stewart cooking show
0008.0109	How to change a flat tire
0008.0110	tottenham hotspur
0008.0112	good parks in Suriname
0008.0113	How do you get rid of termites
0008.0114	when was the mighty mac bridge built
0008.0115	pedro alvares cabral
0008.0116	Top Tv shows in United States on 2022
0008.0117	Which dog is very rare in US
0008.0119	COVID 19
0008.0120	How to prevent from memory loss
0008.0121	archery training in portland
0008.0122	FAMILY PROBELM
0008.0123	About Golden Retriever
0008.0124	what are best places to do shopping in New York
0008.0126	When was the big bang
0008.0127	What countries fought in world war 2
0008.0128	What is the tallest animal in the world
0008.0129	how to solve for pi
0008.0130	best way to earn money through Facebook
0008.0132	last elections
0008.0133	Can I feed my rabbit chocolate
0008.0136	Why do apples turn brown when cut and left open in air
0008.0137	How much does a bachelors degree cost
0008.0139	US weapons of WWII
0008.0140	How many dog owners are there in the United States
0008.0148	travel bag
0008.0152	What is a wormhole
0008.0153	How to raise a kid with good behaviours in 2022
0008.0154	best ways to make money in 2020
0008.0155	toddler handling tips
0008.0156	William Wallace
0008.0157	antman actress
0008.0158	indian cuisine in utah
0008.0159	Kennedys in public office
0008.0161	How to get rid of weeds in the garden
0008.0162	lindor mets
0008.0163	How to play ice hockey
0008.0165	How long can maple trees live for
0008.0166	What is best place to do shopping in England
0008.0167	best books to learn Java
0008.0168	FAMILY HOME HOUSE
0008.0169	which party won the most election in the history of America
0008.0170	The science behind magical words
0008.0172	How long should you study for
0008.0175	How many legs does a spider have
0008.0176	best horror movies
0008.0177	Is a duckbilled platypus related to any type of duck species
0008.0179	Which team won the 1999 World Series
0008.0182	How to make my cat drink enough water
0008.0187	Truth behind atom science
0008.0190	d mart
0008.0191	pizza  drink
0008.0193	2022 elections results
0008.0198	American dog breeds
0008.0199	What is the mass of an electron
0008.0200	Which political party has ruled the US for the longest
0008.0201	stop my cat from scratching the carpet
0008.0202	embroidery for beginners
0008.0204	What is the most popular girls clothing store
0008.0205	How is inflation rates calculated
0008.0206	how to make a necklace
0008.0207	how education change a society
0008.0208	What are some effective strategies for promoting positive parentchild relationships
0008.0209	Manchester Utd
0008.0211	Meenakshi temple in Madurai
0008.0212	nba champions
0008.0213	real madrid
0008.0215	where can i buy nike tennis shoes online
0008.0216	What is best place to do shopping in New York
0008.0217	KIDS DRAWING
0008.0218	best grocery stores in united states
0008.0219	bst museums in Denmark
0008.0221	Who won the last cricket world coup in 2011
0008.0222	top spiritual places in the world
0008.0223	how do airplanes fly
0008.0224	About Steve Jobs
0008.0225	woodworking bird houses
0008.0226	What is the closest planet to the Sun
0008.0228	carrot cake
0008.0229	tallest tree in the world
0008.0230	Does Zoroastrianism follow any specific gods or prophets
0008.0231	How to make white rice for sushi
0008.0232	How do I calculate the calories I need in a diet
0008.0234	Is there a vaccine for ebola
0008.0235	ROMAN CATHOLIC
0008.0239	Golden Retriever info
0008.0241	red label
0008.0244	election date
0008.0247	history of america
0008.0249	American presidents
0008.0250	What are some basics for learning pottery
0008.0251	how big is saturn
0008.0252	Federal funds rate history
0008.0253	how is senate different from the house of representative
0008.0254	Colin Powell
0008.0255	cats care
0008.0256	Who was the second president of the Unites States
0008.0257	the best food for fish
0008.0258	best fit trackers
0008.0260	bitcoin future
0008.0261	la liga fixtures
0008.0262	Chola Empire in Tamil Nadu
0008.0263	Which is the dangerous pet to grown in house
0008.0264	spiritual wellbeing class
0008.0265	What are the symptoms of breast cancer
0008.0266	best movie in the year
0008.0267	top national parks in united states
0008.0269	How raise a kid in urban areas
0008.0270	Worlds largest sports facilities
0008.0272	How to raise kid in Texas
0008.0273	Things should you keep away from home
0008.0275	During which war did the attack on Pearl Harbour happen
0008.0278	Is swimming good for an obese male
0008.0281	What grade level should students begin learning algebra
0008.0282	How many seasons of Stranger Things are there
0008.0284	What temperature does salt melt at
0008.0285	How to maintain BMI
0008.0287	American pizza
0008.0288	How do make a gold necklace
0008.0291	Countries with more churches
0008.0292	Labrador Retriever info
0008.0295	How effective were the COVID vaccines at saving lives
0008.0296	2009 elections
0008.0301	How many breeds of dogs are there
0008.0302	food with no fats
0008.0303	most popular religion in the world
0008.0304	Top resistance bands 2022
0008.0305	Newcastle FC
0008.0306	Our Lady of Kibeho
0008.0307	history of yankees
0008.0308	how oxygen is made
0008.0309	Why did the Roman Empire fall
0008.0310	dog shelters in washington
0008.0311	What is the impact of artificial intelligence on science and technology
0008.0312	how to make a phone app
0008.0313	Which drink is the very the oldest in 2022
0008.0314	What are best exercise to feel fresh every morning
0008.0315	What foods are best paired with red wine
0008.0316	world cup list champions
0008.0317	Science behind Turmeric Powder
0008.0318	DRESS WOMEN
0008.0319	How to prevent from breast Cancer
0008.0320	How to raise kid in urban areas
0008.0322	about Pitbull
0008.0323	Shape of DNA
0008.0324	Fight Club ending explained
0008.0325	Top universities in united states
0008.0326	back stretch
0008.0328	feudal japan
0008.0329	who is the father of physics
0008.0330	What year did the Tampa Bay Buccaneers change the design of their uniforms and logos
0008.0332	How to make a martini alcohol drink
0008.0333	US GDP
0008.0334	Who won the Oscar for best actor in 2021
0008.0338	What are protein rich food sources
0008.0343	health foods
0008.0350	What religion is the most practiced in Utah
0008.0351	Who started google
0008.0352	Toys for children 14 years old
0008.0353	How to make necklaces
0008.0354	When did the vietnam war end
0008.0355	college in my 40s
0008.0356	How did the invention and widespread use of the automobile in the early 20th century transform American society
0008.0358	How to teach a girl under age of 10 about good and bad touches
0008.0359	shivaji maharaj death
0008.0360	which team won the last fifa cup
0008.0361	Shopping california
0008.0362	political parties in usa
0008.0363	What are the benefits of doing yoga
0008.0364	NFL super bowl
0008.0365	What is Simple definition of science
0008.0367	What is best place to do shopping in London
0008.0368	Top sports events might visit in 2022
0008.0370	best malls in London
0008.0371	tips to reduce do effective grocery purchase
0008.0372	How to prevent from cancer
0008.0373	Banana Bread recipe
0008.0374	How to create a custom theme in windows 10
0008.0375	President Roosevelt
0008.0377	HTML for beginners
0008.0378	Siamese cat
0008.0379	How many of Taylor Swifts songs have reached number one
0008.0380	Show me recipes for outdoor barbecues
0008.0381	Who was the oldest president of the United States
0008.0382	Why cant babies have honey
0008.0383	Who was the British Prime Minister in 1990
0008.0386	How to make paper pouch
0008.0390	2021 superbowl champion
0008.0394	2009 football match
0008.0398	arts colleges
0008.0399	How many years of schooling does it take to get a law degree
0008.0400	What is the current rate of inflation
0008.0401	List of marvel movies
0008.0402	How is the winner of the world cup of soccer of 2008
0008.0403	most popular sport in croatia
0008.0404	why do cats vomit
0008.0405	How to know if you have diabetes
0008.0406	chocolate ice cream
0008.0408	What was the best art in 2022
0008.0409	recreation ideas for childrens
0008.0410	streetwear shops in Rome
0008.0411	How to renovate a home with forest theme
0008.0412	What was the highest earning movie at the theaters in 2021
0008.0413	dogs races
0008.0414	How old was Abe Lincoln when he was shot
0008.0415	art history
0008.0417	top religions in the world
0008.0418	PETS DAG
0008.0419	tips to prevent ourselves from cancer
0008.0420	what are best places to do shopping in Los Angels
0008.0421	Countries with most GDP in 2022
0008.0422	Typhoid fever symptoms
0008.0423	Who are the most famous graffiti artists
0008.0424	Cheeseburger Soup recipe
0008.0425	University of Texas
0008.0426	Crafts  Hobbies
0008.0427	Who was the US Speaker of the House in 1979
0008.0429	hbo max
0008.0430	best southern usa colleges for people with low income
0008.0431	workout plan for women
0008.0432	universities in the US
0008.0433	What is the capitol of Wyoming
0008.0434	how many wives did henry the eighth have
0008.0436	How do you make a screwdriver drink
0008.0437	kamala haris
0008.0442	What are the benefits of homeschooling
0008.0449	best 5 min crafts
0008.0450	What age do children start kindergarten
0008.0451	canvas painting
0008.0452	How to fix a leaky roof
0008.0453	dance class
0008.0454	Vietnam War
0008.0455	vanilla Ice cream
0008.0456	Where can i buy gucci clothes
0008.0457	When did the American civil war start
0008.0458	what is the most common disease
0008.0461	How to play Kabaddi
0008.0462	what is best place to shopping in newyork
0008.0463	Who is the current Dalai Lama
0008.0464	which species has more number of hearts
0008.0466	What is the history of pandemic
0008.0467	universitys new york
0008.0468	tips to stay motivated and learn effectively
0008.0469	best surfing beaches in california
0008.0470	What are the best hobbies develop in 2022
0008.0471	Best Italian cuisines
0008.0472	DRAW CAT
0008.0473	What is the name of an adult female horse
0008.0474	Best 60 percent mechanical keyboards
0008.0475	indigenous trees in the Sierra Nevada
0008.0477	What companys stock saw the largest percentage increase on the Dow Jones in 2021
0008.0478	how does gravity work
0008.0479	how to make paper wind chime
0008.0481	Whats the strongest wood for a table
0008.0483	Who won the NBA MVP award in 1995
0008.0485	2009 BYELECTION
0008.0486	hiking in PA
0008.0492	tech 2022
0008.0498	Does oil have a boiling point
0008.0499	American league
0008.0500	Can cats eat tomatoes
0009.0001	what is the most popular reptile pet
0009.0002	how to teach a dog not to bother you while eating
0009.0003	When was the Oscars awards started
0009.0004	What role does art play in society
0009.0005	woodworking classes near me
0009.0006	universities with best history program
0009.0007	average salary for professional baseball player
0009.0008	WEST SIDE STORY
0009.0009	2022 IPL winner
0009.0010	Sports 2022
0009.0013	The facts about Neem tree
0009.0014	How many emperors have their been in the history of Japan
0009.0015	world war I
0009.0016	top fruits to eat to gain energy
0009.0017	What is gluten free food
0009.0018	When did the United State of America gain Independence
0009.0019	Things to consider before buy a laptop
0009.0020	Transfiguration of Jesus
0009.0022	best artist in India
0009.0023	chest workouts
0009.0024	What savings accounts have the highest interest rates
0009.0025	About Stephen Hawkings
0009.0026	Mount Fuji Volcano
0009.0027	How many more people prefer vanilla ice cream over chocolate
0009.0028	woodworking bird houses
0009.0031	headache cure tips
0009.0033	healthy foods
0009.0037	hindu temple
0009.0040	Information about Jesus Christ
0009.0043	How to make long island iced tea
0009.0044	how can i charge the battery of my car
0009.0045	smallest dog breed
0009.0046	famous eastern paintings
0009.0047	most popular movies of the 1980s
0009.0048	The Olympics are held every how many years
0009.0049	Who was the Greek God of War
0009.0050	What sport is best known as the king of sports
0009.0051	what is the most popular thing to knit
0009.0052	private colleges in vermont
0009.0053	who discovered oregon
0009.0054	What are the most pressing environmental challenges facing our planet today
0009.0055	Average calorie consumption by weight
0009.0056	caring for motherless kittens
0009.0057	when was the 100 dollar bill introduced
0009.0058	Who is the father of bitcoin
0009.0059	Bayern Munich
0009.0060	How to start sculpting
0009.0061	What causes tornadoes
0009.0062	What happens to our soul after death
0009.0063	US history
0009.0064	The average cost of house in California in 2022
0009.0065	brazil foods
0009.0066	What are some flowers similar to roses
0009.0067	Narendra modi birthdate
0009.0068	Pizza Stone uses
0009.0069	About messi
0009.0071	albert einstein
0009.0072	Best compiler software for Java programming
0009.0073	highest IQ in world
0009.0074	What are the top 10 highest grossing movies in the United States
0009.0075	Is running healthy
0009.0076	How many crappie are estimated to be in Sardis Lake in Mississippi
0009.0077	supreme court
0009.0079	rubiks cube  how to solve
0009.0081	onlie shopping
0009.0082	catholic church
0009.0089	Largest religion in the United States
0009.0090	how can i build a bridge
0009.0091	top 10 movies
0009.0092	What sport is good for the elderly
0009.0093	top ten punk songs
0009.0097	who is the highest paid volleyball player
0009.0098	Average age of first time parents
0009.0099	What impact has the rise of streaming platforms had on the traditional entertainment industry
0009.0100	bill clinton birthplace
0009.0101	what is the square root of 9
0009.0102	who won the nobel prize 1998
0009.0103	THE POWER OF THE DOG
0009.0104	dunes for 4 wheeling
0009.0105	How to make plastic flowers
0009.0107	Whats the meaning of newtons second law
0009.0108	Causes of rust on metal
0009.0109	How do you fix a hole in a shirt
0009.0110	difference between call by reference and call by value in a function
0009.0111	When did Brexit occur
0009.0112	crafts from sticks
0009.0113	Proper Deadlift form
0009.0114	game of the year 2020
0009.0115	Tom cruise film list
0009.0116	Jackie Robinson
0009.0118	how did the life began
0009.0119	toddler milestones
0009.0120	Can cat eat egg
0009.0121	How much cat food should I feed my two year old cat per day
0009.0124	Bitcoin value 2022
0009.0131	How to build arm strength
0009.0135	HISTORY OF AMERICAN INFLATION
0009.0137	how can i be a budist
0009.0138	Autumn craft ideas
0009.0139	vodka drink recipes
0009.0140	best rated playstation four games
0009.0141	What type of food is healthiest for my pet
0009.0142	When was the piece created
0009.0144	What is the worlds largest online retailer
0009.0145	what is the highest grossing animated film
0009.0146	When was Chess invented
0009.0147	What are some popular recreational activities that promote physical fitness
0009.0148	top movies in 2012
0009.0149	causes and symptoms of gastritis
0009.0150	where to buy bikes in philadelphia
0009.0151	atv trails near phoenix
0009.0152	A QUIET PLACE PART II
0009.0153	What is the average interest on a savings account
0009.0154	Best tamil movies in 2022
0009.0155	Which artwork is most expensive in the world
0009.0156	Define Operator Overloading in c
0009.0157	champions league
0009.0159	Improving running speed
0009.0160	How much does PlayStation 5 cost on amazon
0009.0161	top 10 nature spots in India
0009.0162	nike outlet in california
0009.0163	WordPress for beginners
0009.0164	Is it possible to overdose on vitamins
0009.0165	biggest malls Canada
0009.0166	Is chocolate bad for health
0009.0167	The fact behind an apple a day
0009.0168	watercolor paintings
0009.0169	What is the best natural food to feed a hamster
0009.0170	Protein foods
0009.0171	Will manufacturing ever come back to the US
0009.0172	NFL best player
0009.0178	1892 election
0009.0184	The best juice for health
0009.0185	When is it not ok to spank a child
0009.0186	rugby rules
0009.0187	How to carve a pumpkin
0009.0188	cheapest beer
0009.0189	What are the details of the role
0009.0190	How often do you do things for entertainment
0009.0192	What are the key factors influencing the current partisan divide in United States politics
0009.0193	best dog crates
0009.0194	where was Picasso born
0009.0195	Average price of a car by year
0009.0196	Who won the First World War
0009.0197	parks in bucks county pa
0009.0198	history of napoleon achievements
0009.0201	When was nuclear power first utilized
0009.0202	ballparks in california
0009.0203	healthy food
0009.0204	Major political events in 2009
0009.0206	What are the benefits of exercising
0009.0207	syntax of a structure in java
0009.0209	dog care
0009.0210	headache solution
0009.0211	Are Cavalier King Charles spaniels good family dogs
0009.0212	Qatar world cup 2022
0009.0213	I am looking for a XXL polo shirt for under fifty dollars
0009.0214	top 10 dog breeds
0009.0215	Which generic in music has huge number of fans
0009.0216	Importance of investing money
0009.0217	How do I start screenprinting tshirts
0009.0218	geology North America
0009.0219	Best education colleges
0009.0220	Whats the oldest living thing in the world
0009.0221	best dog food
0009.0222	2009 earthquake
0009.0225	apple juice
0009.0232	Greatest American Medalist
0009.0233	how can birds fly
0009.0234	United States Mid term elections 2022
0009.0236	awesome water color paintings
0009.0237	Best food to make for large gatherings
0009.0240	what is politics and its importance
0009.0241	What are some innovative trends in the food and beverage industry
0009.0242	most durable dog toys
0009.0243	what is the oldest religion
0009.0244	beginning buddhism
0009.0245	how long do hamsters live
0009.0247	fastest quarter mile times for stock cars
0009.0249	Top comic characters in marvel movies
0009.0250	best painter of the last decade
0009.0251	nba team with the most championships
0009.0252	italian foods
0009.0254	How hot is lava
0009.0255	Top ways to lose weight
0009.0256	How are black holes formed
0009.0257	Which country worships Shiva
0009.0259	which is the smallest seed in the world
0009.0260	baby crying continuously
0009.0261	Standard Poodle information
0009.0263	Best Cat food
0009.0264	corruption in Brazil
0009.0265	top 10 math genious
0009.0266	How many public schools are there in New York City
0009.0267	Yard mainatenance tips
0009.0268	Can dogs eat eggs
0009.0269	What type of food pairs best with a Moscato wine
0009.0270	dining room furniture
0009.0271	Best gameboy advance games
0009.0272	Paper crafts
0009.0273	How old is the universe
0009.0274	Treaty of Versailles in 1919
0009.0277	organic drinks
0009.0285	Oldest whiskey in the world
0009.0286	how to make pancakes
0009.0287	How to convert to christianity
0009.0289	why is mitch mcconalls face and hands blue
0009.0290	what are the natural products to live healthy
0009.0291	Most expensive pieces of street art sold
0009.0292	what is the most popular cocktail
0009.0293	What are some strategies for maintaining a healthy lifestyle
0009.0294	smoked pork butt recipe
0009.0295	How do bees make honey
0009.0297	modern art gallery seattle
0009.0298	foods safe for diabetic
0009.0299	which team won the first Hockey world cup
0009.0300	Who was the youngest english monarch
0009.0301	Buying groceries on a budget
0009.0302	Capitol issue
0009.0303	List foods with high protein
0009.0304	How to improve sleep
0009.0305	biography of Adolf Hitler
0009.0306	Where are white tail deer found
0009.0307	simplified bhaskara formula
0009.0308	top shopping sites
0009.0309	Which forest is the largest in the world
0009.0310	how to make omelet
0009.0311	top natural wonders in the world
0009.0312	world cup 2002
0009.0313	At what age should a child begin eating cooked meat
0009.0314	Best stretches before running
0009.0315	Importance of drinking water
0009.0316	What is the leading cause of miscarriage
0009.0317	unusual produce items
0009.0318	What was Monets most famous work
0009.0319	How to make pizza
0009.0320	2021 GOTY
0009.0322	orange juice
0009.0323	Ways to stop period cramps
0009.0331	DNA test effectiveness
0009.0334	black holes
0009.0335	top rated ps4 games
0009.0336	Which sport is good for cardio
0009.0338	Whats the most interesting thing youve read lately
0009.0339	What is the worlds smallest country
0009.0340	When did Van Gogh die
0009.0341	How to potty train my cat
0009.0342	the fire in the louvre
0009.0343	which is the lightest gas
0009.0344	What are the emerging trends in online shopping
0009.0345	best malls near los angeles
0009.0346	most expensive sports venues to build
0009.0347	smoked turkey breast recipe
0009.0348	The history of recession
0009.0349	Inter milan
0009.0350	Sweet alcoholic mixed drinks
0009.0351	How long do you let bread dough rise
0009.0353	urban arts
0009.0354	Best fish to buy for an aquarium
0009.0355	financial crisis 2009
0009.0356	What were some major historical events that occurred in the year 2022
0009.0357	Jesus heals the bleeding woman
0009.0358	The fact behind olive oil
0009.0359	Cuban communist regime
0009.0360	Where did Eskimo dogs originate from
0009.0361	t20 cup winner
0009.0362	What NFL teams have never played in a Super Bowl
0009.0363	space x
0009.0364	top luxuries clothing brands in United States
0009.0365	Is swimming good for health
0009.0366	How many albums has Breaking Benjamin released
0009.0367	cincinnati bengals
0009.0368	How to age gracefully
0009.0369	best movie 2009
0009.0371	home crafts
0009.0378	world war
0009.0380	How often to feed dogs
0009.0382	the best animations of 2015
0009.0383	How many died at the Battle of Bunker Hill
0009.0384	Chris Brown Concerts 2021
0009.0385	Best taco places in LA
0009.0386	camping in canada
0009.0387	biggest oil paintings
0009.0388	How Do I Get My Infant to Sleep
0009.0389	give ideas for solving a problem immediately
0009.0390	how can pet owners contribute to responsible pet ownership
0009.0391	foraging in the pacific northwest
0009.0392	how much water do dogs need a day
0009.0393	Small dog upset stomach causes
0009.0394	AS Roma
0009.0396	iowa womens basketball
0009.0397	what is the study of aviary life called
0009.0398	Mobiles under rs 10000
0009.0399	Best home exercises for beginners
0009.0400	How do I stop my babys tantrums
0009.0401	history of lakers
0009.0402	How many baseball players on each team
0009.0403	who was the president of the United States for the shortest time
0009.0404	Shopping 2022
0009.0405	vegetarian cat food
0009.0406	INTEL or AMD  which is good for gaming
0009.0407	Vietnam War causes
0009.0408	how do black holes work
0009.0410	new york pizza
0009.0411	What is the currency of Mexico
0009.0412	outlet malls canada
0009.0413	What type of roofing material is best at preventing leaks
0009.0414	Tips to keep the home clean
0009.0415	Are French Fries Bad for Health
0009.0417	What foods are cats allergic to
0009.0418	Whats the most popular sculpture in the world
0009.0419	Fastest Animal
0009.0421	sweet home
0009.0426	What presidents are on dollar bills
0009.0430	Best foods in the world
0009.0432	How to identify poison ivy
0009.0435	Best place to buy sneakers
0009.0436	how do I know if its my battery or starter
0009.0437	Which two spices are the most popular in the world
0009.0439	What are 4 examples of recreation
0009.0440	attack on pearl harbor
0009.0441	how long do Alsatian dogs live
0009.0443	Fastest growing cities in the USA
0009.0444	war of 1812
0009.0445	what is the highest grossing superhero movie
0009.0446	what to do when toddler has a tantrum
0009.0447	What are some research initiatives aimed at understanding the effects of climate change
0009.0449	Los Angeles Lakers
0009.0451	Who invented abstract art
0009.0452	When was the movie Troy released
0009.0453	The uses of friend function in C with examples
0009.0454	The dark side of Junk foods
0009.0455	Workforce Participation Calculation
0009.0456	smart home products
0009.0457	class 10 cbse question paper
0009.0458	Current status of lantern bug in USA
0009.0459	Wheatgrass health benefits
0009.0460	best red wine world
0009.0461	new jersey nets
0009.0462	Can you find me the best strawberry shortcake recipes
0009.0463	Does babysitting makes distance between parent and children
0009.0464	Benefits of walking
0009.0465	northern california hiking trails
0009.0466	Why wont Mississippi expand the Medicaid program
0009.0467	Whats the most successful third party ever in US politics
0009.0468	Best ways to build credit
0009.0469	Stroganoff recipes
0009.0474	1998 election results
0009.0480	Longest serving presidents In united states history
0009.0481	most expensive food in the world
0009.0482	how light works
0009.0483	What are the best supplements for better bone health
0009.0484	healthy dog food
0009.0485	List of all the American presidents
0009.0486	what are the best cats
0009.0487	list two political parties in us
0010.0001	fried chicken in new jersey
0010.0002	pottery classes charleston
0010.0003	Which religion is the oldest
0010.0004	Recipe including eggs milk and chocolate
0010.0005	how to make pan cake
0010.0006	What is the best way to finance a new car
0010.0008	Neymar Barcelona
0010.0009	best books to read at leisure hours
0010.0010	what is the vaccine for cat
0010.0011	Shop At Home for every room
0010.0012	making resin jewelry
0010.0013	How to save the nature
0010.0014	How to concentrate presence of mind
0010.0015	Biden administration on tax code policy
0010.0016	Does it snow in Texas
0010.0017	Pet clinics in New York city
0010.0019	kitchen remodeling portland
0010.0020	Places to study medicine in low cost
0010.0021	list top universities in united states
0010.0022	best cocktails
0010.0023	What is the most popular sport in the Middle East
0010.0024	how star dies
0010.0025	What does hydrophilic mean
0010.0027	What led to US involvement in the Vietnam War
0010.0029	best price for HP computer
0010.0032	science day
0010.0034	What style was Monet known for
0010.0035	new home building plans
0010.0037	Where I can see glaciers in the mountain
0010.0038	Which country does not have presidential rule
0010.0039	sprituality is our hope
0010.0040	Function templates in c
0010.0041	Do decks need to be made with wood
0010.0042	How do I bond with my teenage son
0010.0043	What is the 10 most popular sport
0010.0044	Arsenal Henry
0010.0045	best republican presidential candidates
0010.0047	The US senate
0010.0048	2022 New Upcoming movies
0010.0049	When did wine making begin
0010.0051	top economy of the world
0010.0052	california governor polling
0010.0054	what is the best nature place
0010.0055	Where to run code for python language
0010.0056	What is the ways of best hobby
0010.0057	fwrite syntax in c language
0010.0058	First published in 1869 Nature
0010.0059	Pep Guardiola
0010.0060	lacrosse lessons in Connecticut
0010.0061	which type of history topic most liked by people
0010.0063	American football coaches
0010.0064	Best Master degree Courses
0010.0065	Recreation parks in newyork
0010.0066	national league home run leaders
0010.0067	World War II
0010.0068	What are cosmic particles
0010.0069	things to consider before buy a tire for vehicles
0010.0070	What will be the next series in cricket
0010.0071	What is the new atom discovered
0010.0072	Which type of paint should a beginner start with
0010.0074	Explore the best places to eat and drink around the globe
0010.0076	mars rover
0010.0077	What style of art did Gustav Klimt practice
0010.0078	What is the best pet to have
0010.0079	When do ducks fly south
0010.0080	Story behind statue of liberty
0010.0081	Grocery store near Lomita
0010.0082	Which US city has the highest rates of literacy
0010.0083	What is the average lifespan of a grizzly bear
0010.0084	How to watch Tennis
0010.0086	youth soccer league salem
0010.0087	who is the greatest artist of the world
0010.0089	best quotes from Shawshank  redemption movies
0010.0090	what is most popular palyer  in the cricket
0010.0092	Trump Bolsonaro
0010.0093	Which recreation movie is mostly liked by people
0010.0094	online interior design degrees
0010.0095	Reduce fat from body
0010.0096	What is the weather in New York
0010.0097	is it good to consume carbonated drinks routinely
0010.0098	current polling georgia senate
0010.0099	What are the benefits of constructing a home on a slab foundation
0010.0100	Which pets behave smoothly with people
0010.0101	Barcelona Messi
0010.0102	how to protect the nature
0010.0103	Important file handling functions in c
0010.0104	New York City schools offer many health services
0010.0106	who was the Buddha
0010.0107	How does a top stay upright while spinning
0010.0108	Where is the uranium prepared heavily
0010.0109	About Statue of Liberty
0010.0110	normal blood pressure female
0010.0111	What is the elemental composition of Jupiter
0010.0112	Who won the NBA title in 2003
0010.0113	butcher shops in seattle
0010.0114	What will be the upcoming series for Tennis
0010.0115	Leonardo da Vinci
0010.0116	who is a good parent
0010.0117	my game is football
0010.0118	history of america
0010.0119	Watermelon smoothie recipes
0010.0120	Where to get pure gold across the globe
0010.0121	What are top 10 pets
0010.0122	The current American president
0010.0123	Manual testing or automation which have more scope
0010.0124	beginner microscope for kids
0010.0125	pacific crest trail maps
0010.0126	What political party is John Roberts part of
0010.0127	What is a SPAC
0010.0129	Give me thriller movie in Tamil
0010.0130	shopping tips to save money
0010.0132	upcycling jeans
0010.0133	is the universe infinite
0010.0134	How to control blood pressure through food intake
0010.0135	Browse Google Shopping
0010.0136	College near New York
0010.0137	Used clothes purchase
0010.0138	American GDP
0010.0139	dog parks in santa monica
0010.0140	What fish are easiest to care for in a saltwater aquarium
0010.0142	movie locations
0010.0143	Best deals to grab at amazon during  Christmas
0010.0144	How to stay healthy
0010.0147	Who is the best batsmen in Australian team for cricket
0010.0148	What are the 4 pillars of education
0010.0149	Hack Gmail
0010.0150	List of dog breeds
